/aramco,,
/GOLDCOUNCIL,,
/opencampus_xyz,,
/frontendnation,,https://frontendnation.com/?utm_campaign=fen_2024&utm_medium=ads&utm_source=twitter&utm_content=image&twclid=2-65w99e07esgibzljb9vj3y64m
/PKU1898,,
/aba_summit,"We are thrilled to announce Song Hongbing, the author of the best-selling â€œCurrency Warsâ€ series 
(è²¨å¹£æˆ°çˆ­) and the founder of Hong Academy, as a keynote speaker at Asia Blockchain Summit 2024.

Get to hear him in-person at /hashtag/ABS2024?src=hashtag_click/hashtag/ABS2024?src=hashtag_clickâ¿» 

/hashtag/è²¨å¹£æˆ°çˆ­?src=hashtag_click/hashtag/è²¨å¹£æˆ°çˆ­?src=hashtag_click /hashtag/å®‹é´»å…µ?src=hashtag_click/hashtag/å®‹é´»å…µ?src=hashtag_click",
/ZakerWillia,ç¬¦åˆå›½äººç¿»å¢™åˆ©å™¨ï¼Œé•¿æœŸç¨³å®šçš„æ¢¯å­ã€‚4Kæµç•…çœ‹ç‰‡ä¸å¡é¡¿çš„ç§‘å­¦ä¸Šç½‘ã€‚ä¸“ä¸šæµ·å¤–è¿è¥ï¼Œ å‰å¾€æ³¨å†Œï¼šhttps://t.co/kfJ1L7hRq6?twclid=2-25ckxiltbery0go6z032scmkv?????????,
/HSKTestOfficial,"ğŸ€ğŸ€è·ç¦»2024 HSKçŸ­è§†é¢‘å¤§èµ›æŠ•ç¨¿æˆªæ­¢æ—¶é—´è¿˜æœ‰10å¤©ğŸ‘‹ï¼æ¥è‡ª /hashtag/åä¸­ç§‘æŠ€å¤§å­¦?src=hashtag_click/hashtag/åä¸­ç§‘æŠ€å¤§å­¦?src=hashtag_clickã€/hashtag/è¥¿å®‰å¤–å›½è¯­å¤§å­¦?src=hashtag_click/hashtag/è¥¿å®‰å¤–å›½è¯­å¤§å­¦?src=hashtag_click çš„é™¢é•¿å’Œ /hashtag/å±±ä¸œå¤§å­¦?src=hashtag_click/hashtag/å±±ä¸œå¤§å­¦?src=hashtag_click çš„æ¥åç•™å­¦ç”Ÿé‚€ä½ æŠ“ç´§æŠ•é€ä½œå“!
ATTENTION! ğŸ§ğŸ§10 days left before the submission deadline for the /hashtag/HSK?src=hashtag_click/hashtag/HSK?src=hashtag_click Short Video /hashtag/Competition?src=hashtag_click/hashtag/Competition?src=hashtag_click! The deans from Huazhong University of Science",
/BotanixLabs,"Hong Kong was painted orange this month! 

Our team was honored to witness and participate in so many exciting events that showcased our vision for Bitcoin and how the future of our permissionless Internet money will develop ğŸ•·ï¸",
/CR9Crypto,"éŸ­èœçš„è®°å¿†åªæœ‰ä¸€æ ¹é˜³çº¿

/hashtag/eth?src=hashtag_click/hashtag/eth?src=hashtag_click è¿™ä¸€æ³¢åƒçš„å°±æ˜¯ etf å‘è¡Œçš„çƒ­åº¦ï¼Œé´å­è½åœ°çš„å½“æ—¥ä¸€å®šä¼šå›æ’¤ã€‚ç°åœ¨è¿›å»çš„ï¼Œå¸¦ç‚¹æ­¢æŸã€‚sec é—¹ä¸å¥½ä¼šæ‹–åˆ° 3 ä¸ªæœˆåã€‚

æœ‰è·Ÿæˆ‘ä¸€æ ·è¡¥ä»“ /hashtag/solana?src=hashtag_click/hashtag/solana?src=hashtag_click çš„å—ï¼Ÿsol çš„ etf å°±åœ¨è·¯ä¸Š",
/Jiaoyijiucai,"ä»¥å¤ªåŠç°è´§ETFå¤§æ¦‚ç‡å»¶æœŸï¼Œä½†ä¸€å®šä¼šé€šè¿‡ï¼Œå³ä½¿ç°åœ¨ä¸é€šè¿‡ï¼Œæœªæ¥ä¸ä¹…ä¹Ÿä¸€å®šä¼šé€šè¿‡ï¼Œæ—¶é—´æ—©æ™šé—®é¢˜ï¼Œå’±ä»¬é™ç­‰å‡Œæ™¨3ç‚¹å·¦å³æ¶ˆæ¯ï¼Œå¸Œæœ›ä»¥ETHä¸ºä»£è¡¨ï¼Œæ•´ä¸ªå¸‚åœºå…¨é¢åå¼¹ï¼Œå…¨é¢æ²¸è…¾ï¼Œç»§ç»­åšå®šä¿¡å¿ƒå‡ºå‘ï¼

å¯èƒ½æœ‰äººæ¢­å“ˆå§¨å¤ªï¼ŒèµŒä¸€æŠŠETFã€‚ğŸ¤£",
/aramco,"From conducting ecological studies to establishing a sea turtle rescue center, we continue identifying species in need of protection through our biodiversity conservation efforts

/hashtag/EndangeredSpeciesDay?src=hashtag_click/hashtag/EndangeredSpeciesDay?src=hashtag_click
/hashtag/aramco?src=hashtag_click/hashtag/aramco?src=hashtag_click",
/TheBgiGroup,"Today, the world's first real-time ultrasound images and EEG data were received from the summit of Mt Everest, following the ascent by BGI Chairman Wang Jian and his team. This marks a highlight in their month-long scientific research at Mt Everest. https://t.co/r91S2UlqZm?twclid=24jc94hngetdarkza8su915if2??????",
/GOLDCOUNCIL,"Gold: A Journey With Idris Elba is out now.  

Watch the full film now at https://t.co/1dtxWq0UWu?twclid=2-70mmhnqcnhnw6zfki64zl5p5q???",
/GOLDCOUNCIL,"Gold: A Journey With Idris Elba is out now.  

Watch the full film now at https://t.co/1dtxWq0UWu?twclid=2-70mmhnqcnhnw6zfki64zl5p5q???",
/Finnair,Escape to the magical North this autumn and winter. Discover our offers and book now.,
/GOLDCOUNCIL,"Gold: A Journey With Idris Elba is out now.  

Watch the full film now at https://t.co/1dtxWq0UWu?twclid=2368oxho5cvzg0rw1xsxocfvh9???",
/Finnair,Escape to the magical North this autumn and winter. Discover our offers and book now.,
/aramco,"How do we support local communities through our beekeeping and honey industry initiative?ğŸ

Learn moreğŸ‘‡ğŸ¼
Â 
/hashtag/WorldBeeDay?src=hashtag_click/hashtag/WorldBeeDay?src=hashtag_click
/hashtag/aramco?src=hashtag_click/hashtag/aramco?src=hashtag_click",
/Global_LMC,Considering your next field of study or a career change? Recent shifts in the labor market highlight the importance of choosing fields that will help shape the future.  Explore more here: https://t.co/cDWlNeMHbT?twclid=2-gdl7ny2gvqx882vugzka54br?????? /hashtag/GLMC?src=hashtag_click/hashtag/GLMC?src=hashtag_click /hashtag/GLMCinsights?src=hashtag_click/hashtag/GLMCinsights?src=hashtag_click,
/TheBgiGroup,Wang Jian and /hashtag/BGI?src=hashtag_click/hashtag/BGI?src=hashtag_click team members have successfully returned to base camp after reaching the summit of Mount /hashtag/Everest?src=hashtag_click/hashtag/Everest?src=hashtag_click. Their remarkable journey highlights not only their physical endurance but also their commitment to expanding scientific knowledge. Kudos to the team!,
/operatiorpay,"ã€ç¿»å¢™ç¥å™¨ å°é»‘ç‰›VPNã€‘
æ‹’ç»é™æµï¼æ‹’æ¥å¡é¡¿ï¼æ‹’æ¥è®¾å¤‡é™åˆ¶
å¤šå¥—é¤é€‰æ‹©ï¼Œä¸€ä¸ªè´¦æˆ·å¤šå°è®¾å¤‡å…±äº«",https://www.xiaoxmao.net/?es=163&rf=twitter&twclid=2-60yjkmwypypzc85cxo25rkmih
/radixdlt,"Radix and Token Trek covered by /CoinDesk/CoinDesk/CoinDesk âš¡ï¸

""With Token Trek's launch, users have an exciting opportunity to explore, ""learn and earnâ€ while contributing to the growth of a platform that puts them at the center.""",https://t.co/0xgBuuhA9l?twclid=2637vhle9io0g7n5t5a48fx4qy
/XPengMotors,"As global pioneer of AI smart driving, XPENG kickstarts this new era with the industryâ€™s first AI-powered in-car OS - AI Tianji, featuring our all-round new AI assistant, AI Valet Driver, AI Parking etc, with human-like driving experience balancing safety and performance.",https://www.xpeng.com/news/018f968985698f616d3f2c9e8f720154?twclid=2-3l51p27csdazh8sr9b9rna218
/aba_summit,"We are thrilled to announce Song Hongbing, the author of the best-selling â€œCurrency Warsâ€ series 
(è²¨å¹£æˆ°çˆ­) and the founder of Hong Academy, as a keynote speaker at Asia Blockchain Summit 2024.

Get to hear him in-person at /hashtag/ABS2024?src=hashtag_click/hashtag/ABS2024?src=hashtag_clickâ¿» 

/hashtag/è²¨å¹£æˆ°çˆ­?src=hashtag_click/hashtag/è²¨å¹£æˆ°çˆ­?src=hashtag_click /hashtag/å®‹é´»å…µ?src=hashtag_click/hashtag/å®‹é´»å…µ?src=hashtag_click",
/vpn_flash,"FlashVPN å…¨æ–°ä¸Šçº¿æ–°çš„ç½‘ç»œåè®®Hysteria, ä½å»¶è¿Ÿ,æŠ—å°å¼º!! èµ¶ç´§è¯•è¯•å§, è¿™é‡Œä¸‹è½½æœ€æ–°ç‰ˆå¼€ç®±å³ç”¨: https://t.co/mGY3qIqnGZ?twclid=2-v3qpj3yx744vvkggnpkogxl7?????? /hashtag/VPN?src=hashtag_click/hashtag/VPN?src=hashtag_click /hashtag/hysteria?src=hashtag_click/hashtag/hysteria?src=hashtag_click /hashtag/Shadowrocket?src=hashtag_click/hashtag/Shadowrocket?src=hashtag_click /hashtag/ç§‘å­¦ä¸Šç½‘?src=hashtag_click/hashtag/ç§‘å­¦ä¸Šç½‘?src=hashtag_click",
/Casonfoy,"I am my family's sole /search?q=%24Brett&src=cashtag_click/search?q=%24Brett&src=cashtag_click-winner 

æˆ‘æ˜¯å®¶é‡Œå”¯ä¸€çš„Brettèµ¢å®¶ ğŸ¤­",
/APEC,"We are gearing up for the second cluster of /hashtag/APECPeru2024?src=hashtag_click/hashtag/APECPeru2024?src=hashtag_click meetings in May. In the meantime, watch this video by @APECPeru2024 and learn more about the theme and policy priorities of Peru's host year. Be mesmerized by the beautiful sights of Peru. Check this space for updates!",
/kbwofficial,"Get ready for an exciting week at Korea Blockchain Week in Seoul, September 1-7, 2024! ğŸ‡°ğŸ‡·

Experience the combined blockchain and Web3 knowledge at our conference, IMPACT, on September 3-4th!

Secure your spot at /hashtag/KBW2024?src=hashtag_click/hashtag/KBW2024?src=hashtag_click: IMPACT Today!

https://t.co/s43M2ajQRH?twclid=2-37mz9ubpvlvi88jp180mi2fop??????",
/HSKTestOfficial,"ğŸ€ğŸ€è·ç¦»2024 HSKçŸ­è§†é¢‘å¤§èµ›æŠ•ç¨¿æˆªæ­¢æ—¶é—´è¿˜æœ‰10å¤©ğŸ‘‹ï¼æ¥è‡ª /hashtag/åä¸­ç§‘æŠ€å¤§å­¦?src=hashtag_click/hashtag/åä¸­ç§‘æŠ€å¤§å­¦?src=hashtag_clickã€/hashtag/è¥¿å®‰å¤–å›½è¯­å¤§å­¦?src=hashtag_click/hashtag/è¥¿å®‰å¤–å›½è¯­å¤§å­¦?src=hashtag_click çš„é™¢é•¿å’Œ /hashtag/å±±ä¸œå¤§å­¦?src=hashtag_click/hashtag/å±±ä¸œå¤§å­¦?src=hashtag_click çš„æ¥åç•™å­¦ç”Ÿé‚€ä½ æŠ“ç´§æŠ•é€ä½œå“!
ATTENTION! ğŸ§ğŸ§10 days left before the submission deadline for the /hashtag/HSK?src=hashtag_click/hashtag/HSK?src=hashtag_click Short Video /hashtag/Competition?src=hashtag_click/hashtag/Competition?src=hashtag_click! The deans from Huazhong University of Science",
/zafarmirzo,"Yes, in the modern world, it is difficult to prevent some military conflicts due to their complex historical intertwining and preconditions, as well as the specific nature of human race history where arrogance, subjugation, and conquest have generally been the norm. However, none",
/Jiaoyijiucai,"ä»¥å¤ªåŠç°è´§ETFå¤§æ¦‚ç‡å»¶æœŸï¼Œä½†ä¸€å®šä¼šé€šè¿‡ï¼Œå³ä½¿ç°åœ¨ä¸é€šè¿‡ï¼Œæœªæ¥ä¸ä¹…ä¹Ÿä¸€å®šä¼šé€šè¿‡ï¼Œæ—¶é—´æ—©æ™šé—®é¢˜ï¼Œå’±ä»¬é™ç­‰å‡Œæ™¨3ç‚¹å·¦å³æ¶ˆæ¯ï¼Œå¸Œæœ›ä»¥ETHä¸ºä»£è¡¨ï¼Œæ•´ä¸ªå¸‚åœºå…¨é¢åå¼¹ï¼Œå…¨é¢æ²¸è…¾ï¼Œç»§ç»­åšå®šä¿¡å¿ƒå‡ºå‘ï¼

å¯èƒ½æœ‰äººæ¢­å“ˆå§¨å¤ªï¼ŒèµŒä¸€æŠŠETFã€‚ğŸ¤£",
